Gene	Study of Origin	Sample ID	Cancer Type	Cancer Type Detailed	Protein Change	Annotation	Custom Driver	Custom Driver Tiers	Functional Impact	Mutation Type	Variant Type	Copy #	MS	VS	Center	Chromosome	Start Pos	End Pos	Ref	Var	HGVSg	HGVSc	Allele Freq (T)	Allele Freq (N)	Variant Reads	Ref Reads	Variant Reads (Normal)	Ref Reads (Normal)	# Mut in Sample	Exon	gnomAD	ClinVar	dbSNP	SIGNAL	Abnormal Lymphocyte Percent	Diagnosis Age	Atra Exposure	Basophils Cell Count	Blast Count	Cytogenetic abnormality type	Days to Sample Collection.	Days to Sample Procurement	Disease code	Performance Status	Ethnicity Category	FAB	Form completion date	Fraction Genome Altered	Neoadjuvant Therapy Type Administered Prior To Resection Text	Prior Cancer Diagnosis Occurence	ICD-10 Classification	International Classification of Diseases for Oncology, Third Edition ICD-O-3 Histology Code	International Classification of Diseases for Oncology, Third Edition ICD-O-3 Site Code	Informed consent verified	Year Cancer Initial Diagnosis	Is FFPE	Karnofsky Performance Score	Longest Dimension	First Pathologic Diagnosis Biospecimen Acquisition Method Type	First Pathologic Diagnosis Biospecimen Acquisition Method Type	Molecular Analysis Performed Indicator	Oct embedded	Oncotree Code	Overall Survival (Months)	Overall Survival Status	Specimen Collection Method	Other Patient ID	Other Sample ID	Pathology Report File Name	Pathology report uuid	Performance status other timing	Performance Status Assessment Timepoint Category	Platelet count preresection	Primary Tumor Site	Primary Other Site of Disease Name	Project code	Race Category	Number of Samples Per Patient	Sample Initial Weight	Sample Type	Sample type id	Sex	Shortest Dimension	Tumor Tissue Site	Somatic Status	Specimen Current Weight	Specimen Freezing Means	Specimen Second Longest Dimension	Time between clamping and freezing	Time between excision and freezing	Tissue Source Site	TMB (nonsynonymous)	Vial number
FLT3	Acute Myeloid Leukemia (TCGA, Firehose Legacy)	TCGA-AB-2812-03	Leukemia	Acute Myeloid Leukemia	S584_D600dup	OncoKB: Likely Oncogenic, level_1, resistance NA;CIViC: NA;CancerHotspot: yes;3DHotspot: no			MutationAssessor: NA;SIFT: NA;Polyphen-2: NA;AlphaMissense: NA	In_Frame_Ins	INS	Diploid	Somatic	Valid	genome.wustl.edu	13	28608256	28608257	-	TCATATTCATATTCTCTGAAATCAACGTAGAAGTACTCATTATCTGAGGAG	13:g.28608256_28608257insTCATATTCATATTCTCTGAAATCAACGTAGAAGTACTCATTATCTGAGGAG	ENST00000241453.7:c.1749_1799dup							7	14/24					0	25	NO	0	87	Normal					NOT HISPANIC OR LATINO	M2	12/14/10	0.0001	Yes	No				YES	2004	NO					NO		AML	12.02	1:DECEASED		11ed5289-050e-434a-a24e-79854b0d9dcc	501e697c-3b3f-40fd-ac8c-458af0edbc7a					23	Peripheral Blood			BLACK OR AFRICAN AMERICAN	1		Primary	3	Female		Bone Marrow	Matched						AB	0.233333333333	A
FLT3	Acute Myeloid Leukemia (TCGA, Firehose Legacy)	TCGA-AB-2830-03	Leukemia	Acute Myeloid Leukemia	E604_F605insSPRGGNEYFYVDFREYEYDLKWE	OncoKB: Likely Oncogenic, level_1, resistance NA;CIViC: NA;CancerHotspot: yes;3DHotspot: no			MutationAssessor: NA;SIFT: NA;Polyphen-2: NA;AlphaMissense: NA	In_Frame_Ins	INS	Diploid	Somatic	Valid	genome.wustl.edu	13	28608242	28608243	-	ACTCCCATTTGAGATCATATTCATATTCTCTGAAATCAACGTAGAAGTACTCATTACCCCCTCGGGGGG	13:g.28608242_28608243insACTCCCATTTGAGATCATATTCATATTCTCTGAAATCAACGTAGAAGTACTCATTACCCCCTCGGGGGG	ENST00000241453.7:c.1813_1814insCCCCCCGAGGGGGTAATGAGTACTTCTACGTTGATTTCAGAGAATATGAATATGATCTCAAATGGGAGT							14	14/24					0	64	NO	0	22	Normal					NOT HISPANIC OR LATINO	M4	12/14/10	0.0270	No	No				YES	2005	NO					NO		AML	9.03	1:DECEASED		9f0a0548-e8b4-4c44-94e7-9d5e793e5601	589fdd3f-10b8-42e1-a4e9-826b533a3b2d					134	Peripheral Blood			WHITE	1		Primary	3	Female		Bone Marrow	Matched						AB	0.466666666667	A
FLT3	Acute Myeloid Leukemia (TCGA, Firehose Legacy)	TCGA-AB-2836-03	Leukemia	Acute Myeloid Leukemia	D586_E596dup	OncoKB: Likely Oncogenic, level_1, resistance NA;CIViC: NA;CancerHotspot: yes;3DHotspot: no			MutationAssessor: NA;SIFT: NA;Polyphen-2: NA;AlphaMissense: NA	In_Frame_Ins	INS	Diploid	Somatic	Valid	genome.wustl.edu	13	28608267	28608268	-	TTCTCTGAAATCAACGTAGAAGTACTCATTATC	13:g.28608267_28608268insTTCTCTGAAATCAACGTAGAAGTACTCATTATC	ENST00000241453.7:c.1756_1788dup							4	14/24					7	35	NO	1	18	Normal					NOT HISPANIC OR LATINO	M4	12/14/10	0.0001	No	No				YES	2005	NO					NO		AML	17.02	1:DECEASED		58b78fa2-7bf7-4735-bcbc-0eef3e5e3d70	ce6a7bca-67d9-4a5b-ae05-724e57ad0577					44	Peripheral Blood			WHITE	1		Primary	3	Male		Bone Marrow	Matched						AB	0.133333333333	A
FLT3	Acute Myeloid Leukemia (TCGA, Firehose Legacy)	TCGA-AB-2840-03	Leukemia	Acute Myeloid Leukemia	Y597_K602dup	OncoKB: Likely Oncogenic, level_1, resistance NA;CIViC: NA;CancerHotspot: yes;3DHotspot: no			MutationAssessor: NA;SIFT: NA;Polyphen-2: NA;AlphaMissense: NA	In_Frame_Ins	INS	Diploid	Somatic	Valid	genome.wustl.edu	13	28608248	28608249	-	ATTTGAGATCATATTCAT	13:g.28608248_28608249insATTTGAGATCATATTCAT	ENST00000241453.7:c.1790_1807dup							1	14/24					0	74	NO	0	0	t(15;17) and variants					NOT HISPANIC OR LATINO	M3	12/14/10	0.0002	Yes	No				YES	2003	NO					YES		AML	0.92	1:DECEASED		81dabf1f-e666-48c6-a912-2ea5bfecf585	005e1ff8-23b1-423e-8f7b-7c5d7469da51					42	Peripheral Blood			WHITE	1		Primary	3	Male		Bone Marrow	Matched						AB	0.0333333333333	A
FLT3	Acute Myeloid Leukemia (TCGA, Firehose Legacy)	TCGA-AB-2853-03	Leukemia	Acute Myeloid Leukemia	R595_E596insDYVDFR	OncoKB: Likely Oncogenic, level_1, resistance NA;CIViC: NA;CancerHotspot: yes;3DHotspot: no			MutationAssessor: NA;SIFT: NA;Polyphen-2: NA;AlphaMissense: NA	In_Frame_Ins	INS	Diploid	Somatic	Valid	genome.wustl.edu	13	28608268	28608269	-	TCTCTGAAATCAACGTAG	13:g.28608268_28608269insTCTCTGAAATCAACGTAG	ENST00000241453.7:c.1770_1787dup							7	14/24					0	51	NO	0	85	Normal					NOT HISPANIC OR LATINO	M1	12/14/10	0.0001	No	No				YES	2003	NO					NO		AML	2.92	1:DECEASED		a24d14d9-4f17-4625-93d0-b0624610d83d	5725982c-e9a8-40ba-921d-0e8f00f5d33a					23	Peripheral Blood			WHITE	1		Primary	3	Male		Bone Marrow	Matched						AB	0.233333333333	A
FLT3	Acute Myeloid Leukemia (TCGA, Firehose Legacy)	TCGA-AB-2871-03	Leukemia	Acute Myeloid Leukemia	M578_E598dup	OncoKB: Likely Oncogenic, level_1, resistance NA;CIViC: NA;CancerHotspot: yes;3DHotspot: no			MutationAssessor: NA;SIFT: NA;Polyphen-2: NA;AlphaMissense: NA	In_Frame_Ins	INS	Diploid	Somatic	Valid	genome.wustl.edu	13	28608262	28608263	-	TCATATTCTCTGAAATCAACGTAGAAGTACTCATTATCTGAGGAGCCGGTCACCTGTACCATC	13:g.28608262_28608263insTCATATTCTCTGAAATCAACGTAGAAGTACTCATTATCTGAGGAGCCGGTCACCTGTACCATC	ENST00000241453.7:c.1731_1793dup							15	14/24					5	51	NO	0	10	Normal					NOT HISPANIC OR LATINO	M1	12/14/10	0.0000	No	No				YES	2009	NO					YES		AML	5.03	0:LIVING		b4bc4666-13ba-4864-be9b-89ff8a0a1bd8	fde79b9f-605f-4afc-a533-1102edc6b831					25	Peripheral Blood			BLACK OR AFRICAN AMERICAN	1		Primary	3	Male		Bone Marrow	Matched						AB	0.5	A
FLT3	Acute Myeloid Leukemia (TCGA, Firehose Legacy)	TCGA-AB-2875-03	Leukemia	Acute Myeloid Leukemia	E598_Y599insVAYVDFREYE	OncoKB: Likely Oncogenic, level_1, resistance NA;CIViC: NA;CancerHotspot: yes;3DHotspot: no			MutationAssessor: NA;SIFT: NA;Polyphen-2: NA;AlphaMissense: NA	In_Frame_Ins	INS	Diploid	Somatic	Valid	genome.wustl.edu	13	28608261	28608262	-	TTCATATTCTCTGAAATCAACGTAGGCCAC	13:g.28608261_28608262insTTCATATTCTCTGAAATCAACGTAGGCCAC	ENST00000241453.7:c.1794_1795insGTGGCCTACGTTGATTTCAGAGAATATGAA							10	14/24					0	43	NO	0	39	t(8;21)					NOT HISPANIC OR LATINO	M2	12/14/10	0.0001	No	No				YES	2009	NO					YES		AML	6.96	0:LIVING		ffc915b8-cacd-4974-a040-ee496f0efc0e	fec5c954-8b7a-4de0-99f8-ed8fdaa5af81					67	Peripheral Blood			WHITE	1		Primary	3	Male		Bone Marrow	Matched						AB	0.333333333333	A
FLT3	Acute Myeloid Leukemia (TCGA, Firehose Legacy)	TCGA-AB-2877-03	Leukemia	Acute Myeloid Leukemia	Y599_E604dup	OncoKB: Likely Oncogenic, level_1, resistance NA;CIViC: NA;CancerHotspot: yes;3DHotspot: no			MutationAssessor: NA;SIFT: NA;Polyphen-2: NA;AlphaMissense: NA	In_Frame_Ins	INS	Diploid	Somatic	Valid	genome.wustl.edu	13	28608244	28608245	-	TCCCATTTGAGATCATAT	13:g.28608244_28608245insTCCCATTTGAGATCATAT	ENST00000241453.7:c.1794_1811dup							21	14/24					1	60	NO	3	43						NOT HISPANIC OR LATINO	M1	12/14/10	0.0000	No	Yes				YES	2008	NO					NO		AML	20.96	0:LIVING		5088a594-ae6e-4f03-8cfd-97d9c62b2196	c2240545-852e-48a5-a8e4-4095bba73d74					45	Peripheral Blood			WHITE	1		Primary	3	Female		Bone Marrow	Matched						AB	0.7	A
FLT3	Acute Myeloid Leukemia (TCGA, Firehose Legacy)	TCGA-AB-2879-03	Leukemia	Acute Myeloid Leukemia	L601_K602insNVDFREYEYDL	OncoKB: Likely Oncogenic, level_1, resistance NA;CIViC: NA;CancerHotspot: yes;3DHotspot: no			MutationAssessor: NA;SIFT: NA;Polyphen-2: NA;AlphaMissense: NA	In_Frame_Ins	INS	Diploid	Somatic	Valid	genome.wustl.edu	13	28608250	28608251	-	TTGAGATCATATTCATATTCTCTGAAATCAACG	13:g.28608250_28608251insTTGAGATCATATTCATATTCTCTGAAATCAACG	ENST00000241453.7:c.1773_1805dup							5	14/24					0	68	NO	0	91	Normal					NOT HISPANIC OR LATINO	M1	12/14/10	0.0001	Yes	No				YES	2009	NO					YES		AML	8.05	0:LIVING		87b2e470-fff6-4429-b77b-0552a1856337	5df8c374-1022-431d-8680-ca0bee17f808					8	Peripheral Blood			WHITE	1		Primary	3	Female		Bone Marrow	Matched						AB	0.166666666667	A
FLT3	Acute Myeloid Leukemia (TCGA, Firehose Legacy)	TCGA-AB-2880-03	Leukemia	Acute Myeloid Leukemia	R595_L601dup	OncoKB: Likely Oncogenic, level_1, resistance NA;CIViC: NA;CancerHotspot: yes;3DHotspot: no			MutationAssessor: NA;SIFT: NA;Polyphen-2: NA;AlphaMissense: NA	In_Frame_Ins	INS	Diploid	Somatic	Valid	genome.wustl.edu	13	28608251	28608252	-	TGAGATCATATTCATATTCTC	13:g.28608251_28608252insTGAGATCATATTCATATTCTC	ENST00000241453.7:c.1784_1804dup							2	14/24					0	24	NO	0	76	Normal					NOT HISPANIC OR LATINO	M1	12/14/10	0.0000	No	No				YES	2009	NO					YES		AML	13.92	1:DECEASED		e4ad3f09-7e23-4a84-b8f3-3faf2db890f4	7c7ba487-c0f2-40a9-8781-b351405636a2					34	Peripheral Blood			WHITE	1		Primary	3	Male		Bone Marrow	Matched						AB	0.0666666666667	A
FLT3	Acute Myeloid Leukemia (TCGA, Firehose Legacy)	TCGA-AB-2895-03	Leukemia	Acute Myeloid Leukemia	E598_F612dup	OncoKB: Likely Oncogenic, level_1, resistance NA;CIViC: NA;CancerHotspot: yes;3DHotspot: no			MutationAssessor: NA;SIFT: NA;Polyphen-2: NA;AlphaMissense: NA	In_Frame_Ins	INS	Diploid	Somatic	Valid	genome.wustl.edu	13	28608218	28608219	-	CAAACTCTAAATTTTCTCTTGGAAACTCCCATTTGAGATCATATT	13:g.28608218_28608219insCAAACTCTAAATTTTCTCTTGGAAACTCCCATTTGAGATCATATT	ENST00000241453.7:c.1793_1837dup							12						0	41	NO	1	90						NOT HISPANIC OR LATINO	M1	12/14/10	0.0003	Yes	No				YES	2009	NO					YES		AML	5.03	1:DECEASED		137dfe0a-2a2b-423c-9a8a-78233b6ead74	e83e72f5-742b-4906-a0eb-9672a519c241					40	Peripheral Blood			WHITE	1		Primary	3	Female		Bone Marrow	Matched						AB	0.4	A
FLT3	Acute Myeloid Leukemia (TCGA, Firehose Legacy)	TCGA-AB-2906-03	Leukemia	Acute Myeloid Leukemia	F594_D600dup	OncoKB: Likely Oncogenic, level_1, resistance NA;CIViC: NA;CancerHotspot: yes;3DHotspot: no			MutationAssessor: NA;SIFT: NA;Polyphen-2: NA;AlphaMissense: NA	In_Frame_Ins	INS	Diploid	Somatic	Valid	genome.wustl.edu	13	28608255	28608256	-	ATCATATTCATATTCTCTGAA	13:g.28608255_28608256insATCATATTCATATTCTCTGAA	ENST00000241453.7:c.1780_1800dup							9	14/24					0	59	YES	0	15	t(15;17) and variants					NOT HISPANIC OR LATINO	M3	12/14/10	0.0000	No	No				YES	2008	NO					YES		AML	18.96	0:LIVING		5b5d770e-db72-4ee8-a89a-db80fb31d3cd	4bf1e9fc-bacf-472a-b40f-aab6555862cc					23	Peripheral Blood			WHITE	1		Primary	3	Male		Bone Marrow	Matched						AB	0.3	A
FLT3	Acute Myeloid Leukemia (TCGA, Firehose Legacy)	TCGA-AB-2909-03	Leukemia	Acute Myeloid Leukemia	R595delinsSRI	OncoKB: Likely Oncogenic, level_1, resistance NA;CIViC: NA;CancerHotspot: yes;3DHotspot: no			MutationAssessor: NA;SIFT: NA;Polyphen-2: NA;AlphaMissense: NA	In_Frame_Ins	INS	Diploid	Somatic	Valid	genome.wustl.edu	13	28608271	28608272	-	ATTCTG	13:g.28608271_28608272insATTCTG	ENST00000241453.7:c.1784_1785insCAGAAT							1	14/24					0	22	NO	0	94	Normal					NOT HISPANIC OR LATINO	Not Classified	12/14/10	0.0065	No	No				YES	2009	NO					YES		AML	0.99	0:LIVING		ab60901b-d2ad-401a-9742-52df35ce1de0	40168b34-bbfe-4ee2-b7b5-2e33fbf64a18					57	Peripheral Blood			ASIAN	1		Primary	3	Male		Bone Marrow	Matched						AB	0.0333333333333	A
FLT3	Acute Myeloid Leukemia (TCGA, Firehose Legacy)	TCGA-AB-2913-03	Leukemia	Acute Myeloid Leukemia	S584_F605dup	OncoKB: Likely Oncogenic, level_1, resistance NA;CIViC: NA;CancerHotspot: yes;3DHotspot: no			MutationAssessor: NA;SIFT: NA;Polyphen-2: NA;AlphaMissense: NA	In_Frame_Ins	INS	Diploid	Somatic	Valid	genome.wustl.edu	13	28608240	28608241	-	AAACTCCCATTTGAGATCATATTCATATTCTCTGAAATCAACGTAGAAGTACTCATTATCTGAGGA	13:g.28608240_28608241insAAACTCCCATTTGAGATCATATTCATATTCTCTGAAATCAACGTAGAAGTACTCATTATCTGAGGA	ENST00000241453.7:c.1750_1815dup							12	14/24					2	61	NO	0	86	Normal|+8					NOT HISPANIC OR LATINO	M0 Undifferentiated	12/14/10	0.0500	No	No				YES	2006	NO					NO		AML	39.95	0:LIVING		42e2ed30-e08b-4d24-9e83-d1c3ecbd0fb4	72e5d0ce-4c20-4c76-85d9-74c55217131c					25	Peripheral Blood			WHITE	1		Primary	3	Male		Bone Marrow	Matched						AB	0.4	A
FLT3	Acute Myeloid Leukemia (TCGA, Firehose Legacy)	TCGA-AB-2915-03	Leukemia	Acute Myeloid Leukemia	E598_Y599insSGSSDNEYFYVDFREYE	OncoKB: Likely Oncogenic, level_1, resistance NA;CIViC: NA;CancerHotspot: yes;3DHotspot: no			MutationAssessor: NA;SIFT: NA;Polyphen-2: NA;AlphaMissense: NA	In_Frame_Ins	INS	Diploid	Somatic	Valid	genome.wustl.edu	13	28608260	28608261	-	ATTCATATTCTCTGAAATCAACGTAGAAGTACTCATTATCTGAGGAGCCAG	13:g.28608260_28608261insATTCATATTCTCTGAAATCAACGTAGAAGTACTCATTATCTGAGGAGCCAG	ENST00000241453.7:c.1795_1796insCTGGCTCCTCAGATAATGAGTACTTCTACGTTGATTTCAGAGAATATGAAT							14	14/24					0	73	NO	0	11	Complex - >= 3 distinct abnormalities					NOT HISPANIC OR LATINO	M2	12/14/10	0.0554	No	No				YES	2009	NO					YES		AML	0	1:DECEASED		1a93dd15-f404-484c-b67c-98169d5522c7	c2628244-7f44-4ebf-b4c9-1579370e8f0d					64	Peripheral Blood			WHITE	1		Primary	3	Female		Bone Marrow	Matched						AB	0.466666666667	A
FLT3	Acute Myeloid Leukemia (TCGA, Firehose Legacy)	TCGA-AB-2922-03	Leukemia	Acute Myeloid Leukemia	D593_F594insSPEDNEYFYVD	OncoKB: Likely Oncogenic, level_1, resistance NA;CIViC: NA;CancerHotspot: yes;3DHotspot: no			MutationAssessor: NA;SIFT: NA;Polyphen-2: NA;AlphaMissense: NA	In_Frame_Ins	INS	Diploid	Somatic	Valid	genome.wustl.edu	13	28608275	28608276	-	AATCAACGTAGAAGTACTCATTATCTTCCGGGG	13:g.28608275_28608276insAATCAACGTAGAAGTACTCATTATCTTCCGGGG	ENST00000241453.7:c.1780_1781insCCCCGGAAGATAATGAGTACTTCTACGTTGATT							11	14/24					1	83	NO	0	74	Normal					NOT HISPANIC OR LATINO	M0 Undifferentiated	12/14/10	0.0001	Yes	No				YES	2008	NO					YES		AML	0	1:DECEASED		0622830d-cf64-4e62-9c7d-9919088d13c4	c57ce081-c167-4afa-a3ca-e3135fdba524					46	Peripheral Blood			WHITE	1		Primary	3	Male		Bone Marrow	Matched						AB	0.366666666667	A
FLT3	Acute Myeloid Leukemia (TCGA, Firehose Legacy)	TCGA-AB-2925-03	Leukemia	Acute Myeloid Leukemia	N587_D600dup	OncoKB: Likely Oncogenic, level_1, resistance NA;CIViC: NA;CancerHotspot: yes;3DHotspot: no			MutationAssessor: NA;SIFT: NA;Polyphen-2: NA;AlphaMissense: NA	In_Frame_Ins	INS	Diploid	Somatic	Valid	genome.wustl.edu	13	28608255	28608256	-	ATCATATTCATATTCTCTGAAATCAACGTAGAAGTACTCATT	13:g.28608255_28608256insATCATATTCATATTCTCTGAAATCAACGTAGAAGTACTCATT	ENST00000241453.7:c.1759_1800dup							16	14/24					0	57	NO	1	4	Normal					NOT HISPANIC OR LATINO	M5	12/14/10	0.0001	No	No				YES	2007	NO					YES		AML	7.98	1:DECEASED		34631deb-9ed3-49fa-afab-baa0570237cd	9f755f31-7614-4268-96a8-64ea71f088ba					80	Peripheral Blood			WHITE	1		Primary	3	Male		Bone Marrow	Matched						AB	0.533333333333	A
FLT3	Acute Myeloid Leukemia (TCGA, Firehose Legacy)	TCGA-AB-2930-03	Leukemia	Acute Myeloid Leukemia	F594_R595insGTGSSDNEYFYVDF	OncoKB: Likely Oncogenic, level_1, resistance NA;CIViC: NA;CancerHotspot: yes;3DHotspot: no			MutationAssessor: NA;SIFT: NA;Polyphen-2: NA;AlphaMissense: NA	In_Frame_Ins	INS	Diploid	Somatic	Valid	genome.wustl.edu	13	28608273	28608274	-	GAAATCAACGTAGAAGTACTCATTATCTGAGGAGCCGGTACC	13:g.28608273_28608274insGAAATCAACGTAGAAGTACTCATTATCTGAGGAGCCGGTACC	ENST00000241453.7:c.1782_1783insGGTACCGGCTCCTCAGATAATGAGTACTTCTACGTTGATTTC							8	14/24					0	63	NO	2	49	Normal					NOT HISPANIC OR LATINO	M2	12/14/10	0.0001	No	No				YES	2009	NO					YES		AML		1:DECEASED		75343469-9740-4b3f-83f9-82507f697fd9	3a017314-b548-4d5d-b8a6-5e98c51af8d5					69	Peripheral Blood			WHITE	1		Primary	3	Female		Bone Marrow	Matched						AB	0.266666666667	A
FLT3	Acute Myeloid Leukemia (TCGA, Firehose Legacy)	TCGA-AB-2931-03	Leukemia	Acute Myeloid Leukemia	F612_G613insQGFYVDFREYEYDLKWEFPRENLEF	OncoKB: Likely Oncogenic, level_1, resistance NA;CIViC: NA;CancerHotspot: yes;3DHotspot: no			MutationAssessor: NA;SIFT: NA;Polyphen-2: NA;AlphaMissense: NA	In_Frame_Ins	INS	Diploid	Somatic	Valid	genome.wustl.edu	13	28608219	28608220	-	AAACTCTAAATTTTCTCTTGGAAACTCCCATTTGAGATCATATTCATATTCTCTGAAATCAACGTAGAAGCCCTG	13:g.28608219_28608220insAAACTCTAAATTTTCTCTTGGAAACTCCCATTTGAGATCATATTCATATTCTCTGAAATCAACGTAGAAGCCCTG	ENST00000241453.7:c.1836_1837insCAGGGCTTCTACGTTGATTTCAGAGAATATGAATATGATCTCAAATGGGAGTTTCCAAGAGAAAATTTAGAGTTT							11	14/24					3	75	NO	0	80						NOT HISPANIC OR LATINO	M2	12/14/10	0.0000	No	Yes				YES	2007	NO					YES		AML	0	1:DECEASED		cfb6e5b0-34ed-4f8a-9057-c48de5e28645	83051b5d-d4ae-470b-971e-67578f784638					31	Peripheral Blood			WHITE	1		Primary	3	Male		Bone Marrow	Matched						AB	0.366666666667	A
FLT3	Acute Myeloid Leukemia (TCGA, Firehose Legacy)	TCGA-AB-2970-03	Leukemia	Acute Myeloid Leukemia	Y599_D600insPAPQIMSTSTLISENMNIA	OncoKB: Likely Oncogenic, level_1, resistance NA;CIViC: NA;CancerHotspot: yes;3DHotspot: no			MutationAssessor: NA;SIFT: NA;Polyphen-2: NA;AlphaMissense: NA	In_Frame_Ins	INS	Diploid	Somatic	Valid	genome.wustl.edu	13	28608258	28608259	-	GGCGATATTCATATTCTCTGAAATCAACGTAGAAGTACTCATTATCTGAGGAGCCGG	13:g.28608258_28608259insGGCGATATTCATATTCTCTGAAATCAACGTAGAAGTACTCATTATCTGAGGAGCCGG	ENST00000241453.7:c.1797_1798insCCGGCTCCTCAGATAATGAGTACTTCTACGTTGATTTCAGAGAATATGAATATCGCC	0.61	0.15	226	145	39	228	6	14/24					1	34	NO	0	58	Normal					NOT HISPANIC OR LATINO	M4	12/14/10	0.0001	No	Yes				YES	2007	NO					YES		AML	10.02	1:DECEASED		088c2e4e-fc4e-4252-84ed-e3ca2c401958	84d08806-f569-4ded-99ad-a1749de7018a					152	Peripheral Blood			WHITE	1		Primary	3	Female		Bone Marrow	Matched						AB	0.2	A
FLT3	Acute Myeloid Leukemia (TCGA, Firehose Legacy)	TCGA-AB-2976-03	Leukemia	Acute Myeloid Leukemia	Y599_D600insEYEYEYEY	OncoKB: Likely Oncogenic, level_1, resistance NA;CIViC: NA;CancerHotspot: yes;3DHotspot: no			MutationAssessor: NA;SIFT: NA;Polyphen-2: NA;AlphaMissense: NA	In_Frame_Ins	INS	Diploid	Somatic	Valid	genome.wustl.edu	13	28608256	28608257	-	TCATATTCATATTCATATTCATAT	13:g.28608256_28608257insTCATATTCATATTCATATTCATAT	ENST00000241453.7:c.1799_1800insATATGAATATGAATATGAATATGA	0.27	0.0088	106	288	4	449	15	14/24					0	53	NO	0	52	Normal					NOT HISPANIC OR LATINO	M1	12/14/10	0.0000	Yes	No				YES	2007	NO					YES		AML	30.06	1:DECEASED		c0c52e79-813b-45a9-8021-343aaa6663f6	bdcfda22-db12-4cac-b99d-c1fcc4abb4a3					30	Peripheral Blood			WHITE	1		Primary	3	Male		Bone Marrow	Matched						AB	0.5	A
FLT3	Acute Myeloid Leukemia (TCGA, Firehose Legacy)	TCGA-AB-2980-03	Leukemia	Acute Myeloid Leukemia	F594_D600dup	OncoKB: Likely Oncogenic, level_1, resistance NA;CIViC: NA;CancerHotspot: yes;3DHotspot: no			MutationAssessor: NA;SIFT: NA;Polyphen-2: NA;AlphaMissense: NA	In_Frame_Ins	INS	Diploid	Somatic	Valid	genome.wustl.edu	13	28608255	28608256	-	ATCATATTCATATTCTCTGAA	13:g.28608255_28608256insATCATATTCATATTCTCTGAA	ENST00000241453.7:c.1780_1800dup							5	14/24					2	50	NO	0	10	t(15;17) and variants					NOT HISPANIC OR LATINO	M3	12/14/10	0.0001	No	No				YES	2008	NO					YES		AML	22.96	0:LIVING		882ecf72-433b-46fa-9bc4-628c2d943cd1	facb0ece-bfea-4bfa-ae42-817e3231a1ab					58	Peripheral Blood			WHITE	1		Primary	3	Male		Bone Marrow	Matched						AB	0.166666666667	A
FLT3	Acute Myeloid Leukemia (TCGA, Firehose Legacy)	TCGA-AB-2986-03	Leukemia	Acute Myeloid Leukemia	Y597_E598insAGSSDNEYFYVDFREY	OncoKB: Likely Oncogenic, level_1, resistance NA;CIViC: NA;CancerHotspot: yes;3DHotspot: no			MutationAssessor: NA;SIFT: NA;Polyphen-2: NA;AlphaMissense: NA	In_Frame_Ins	INS	Diploid	Somatic	Valid	genome.wustl.edu	13	28608263	28608264	-	CATATTCTCTGAAATCAACGTAGAAGTACTCATTATCTGAGGAGCCGG	13:g.28608263_28608264insCATATTCTCTGAAATCAACGTAGAAGTACTCATTATCTGAGGAGCCGG	ENST00000241453.7:c.1745_1792dup							12	14/24					0	31	NO	1	45	Normal					NOT HISPANIC OR LATINO	M2	12/14/10	0.0001	No	No				YES	2008	NO					YES		AML	6.96	1:DECEASED		233400c5-6a47-40e2-bf2a-8b7fc9df462b	192b8235-8b09-4102-91ce-ddb77a5e0bad					36	Peripheral Blood			WHITE	1		Primary	3	Female		Bone Marrow	Matched						AB	0.4	A
FLT3	Acute Myeloid Leukemia (TCGA, Firehose Legacy)	TCGA-AB-2993-03	Leukemia	Acute Myeloid Leukemia	S585_F594dup	OncoKB: Likely Oncogenic, level_1, resistance NA;CIViC: NA;CancerHotspot: yes;3DHotspot: no			MutationAssessor: NA;SIFT: NA;Polyphen-2: NA;AlphaMissense: NA	In_Frame_Ins	INS	Diploid	Somatic	Valid	genome.wustl.edu	13	28608273	28608274	-	GAAATCAACGTAGAAGTACTCATTATCTGA	13:g.28608273_28608274insGAAATCAACGTAGAAGTACTCATTATCTGA	ENST00000241453.7:c.1753_1782dup							12	14/24					0	57		0	91	Normal					NOT HISPANIC OR LATINO	M4	12/14/10	0.0000	Yes	No				YES	2004	NO					NO		AML	25	1:DECEASED		74d13c8f-6cd4-44e1-9767-a136fa411448	1e58625b-9090-4f92-a19c-f1b8e22f11f8					82	Peripheral Blood			WHITE	1		Primary	3	Female		Bone Marrow	Matched						AB	0.4	A
FLT3	Acute Myeloid Leukemia (TCGA, Firehose Legacy)	TCGA-AB-2994-03	Leukemia	Acute Myeloid Leukemia	F594_D600dup	OncoKB: Likely Oncogenic, level_1, resistance NA;CIViC: NA;CancerHotspot: yes;3DHotspot: no			MutationAssessor: NA;SIFT: NA;Polyphen-2: NA;AlphaMissense: NA	In_Frame_Ins	INS	Diploid	Somatic	Valid	genome.wustl.edu	13	28608255	28608256	-	ATCATATTCATATTCTCTGAA	13:g.28608255_28608256insATCATATTCATATTCTCTGAA	ENST00000241453.7:c.1780_1800dup							6	14/24					1	25	NO	1	7	t(15;17) and variants					NOT HISPANIC OR LATINO	M3	12/14/10	0.0000	No	No				YES	2005	NO					NO		AML	59.07	0:LIVING		b5f20ec2-ff5d-4aac-8db6-49887506f0b3	793afd96-44ac-4c80-80db-1a072ac7611e					18	Peripheral Blood			WHITE	1		Primary	3	Male		Bone Marrow	Matched						AB	0.2	A
FLT3	Acute Myeloid Leukemia (TCGA, Firehose Legacy)	TCGA-AB-2998-03	Leukemia	Acute Myeloid Leukemia	F594_D600dup	OncoKB: Likely Oncogenic, level_1, resistance NA;CIViC: NA;CancerHotspot: yes;3DHotspot: no			MutationAssessor: NA;SIFT: NA;Polyphen-2: NA;AlphaMissense: NA	In_Frame_Ins	INS	Diploid	Somatic	Valid	genome.wustl.edu	13	28608255	28608256	-	ATCATATTCATATTCTCTGAA	13:g.28608255_28608256insATCATATTCATATTCTCTGAA	ENST00000241453.7:c.1780_1800dup							5	14/24					3	68	NO	1	32	t(15;17) and variants					NOT HISPANIC OR LATINO	M3	12/14/10	0.0000	Yes	No				YES	2008	NO					YES		AML	1.02	1:DECEASED		ba9a95cf-44ce-4126-ba21-4970dfa12593	c87415bf-fed9-4f79-bcd3-dded3357a9d7					73	Peripheral Blood			WHITE	1		Primary	3	Female		Bone Marrow	Matched						AB	0.166666666667	A
FLT3	Acute Myeloid Leukemia (TCGA, Firehose Legacy)	TCGA-AB-3006-03	Leukemia	Acute Myeloid Leukemia	Y597_E598insDEYFYVDFREY	OncoKB: Likely Oncogenic, level_1, resistance NA;CIViC: NA;CancerHotspot: yes;3DHotspot: no			MutationAssessor: NA;SIFT: NA;Polyphen-2: NA;AlphaMissense: NA	In_Frame_Ins	INS	Diploid	Somatic	Valid	genome.wustl.edu	13	28608262	28608263	-	TCATATTCTCTGAAATCAACGTAGAAGTACTCA	13:g.28608262_28608263insTCATATTCTCTGAAATCAACGTAGAAGTACTCA	ENST00000241453.7:c.1761_1793dup							14	14/24					15	61		2	14	Normal					NOT HISPANIC OR LATINO	M1	12/14/10	0.0000	No	No				YES	2006	NO					NO		AML	15.93	1:DECEASED		c9943335-86a8-4286-891c-c2331d75dc0d	a7048844-bc20-4f26-a46d-9d2ac2e7bfb5					61	Peripheral Blood			WHITE	1		Primary	3	Male		Bone Marrow	Matched						AB	0.466666666667	A
FLT3	Acute Myeloid Leukemia (TCGA, Firehose Legacy)	TCGA-AB-3007-03	Leukemia	Acute Myeloid Leukemia	F594_D600dup	OncoKB: Likely Oncogenic, level_1, resistance NA;CIViC: NA;CancerHotspot: yes;3DHotspot: no			MutationAssessor: NA;SIFT: NA;Polyphen-2: NA;AlphaMissense: NA	In_Frame_Ins	INS	Diploid	Somatic	Valid	genome.wustl.edu	13	28608255	28608256	-	ATCATATTCATATTCTCTGAA	13:g.28608255_28608256insATCATATTCATATTCTCTGAA	ENST00000241453.7:c.1780_1800dup							6	14/24					0	35	NO	1	7	Normal|del(7q) / 7q-|+8|t(15;17) and variants					NOT HISPANIC OR LATINO	M3	12/14/10	0.0714	No	No				YES	2005	NO					NO		AML	51.94	0:LIVING		d3988699-70d6-43e1-b84b-9e38b4d2d2b1	f1ffc6d2-cb72-4139-b1b6-1f37a702b879					12	Peripheral Blood			WHITE	1		Primary	3	Male		Bone Marrow	Matched						AB	0.2	A
FLT3	Acute Myeloid Leukemia (TCGA, Firehose Legacy)	TCGA-AB-2811-03	Leukemia	Acute Myeloid Leukemia	D835Y	OncoKB: Oncogenic, level_1, resistance NA;CIViC: diagnosticCount: 0, predictiveCount: 10, prognosticCount: 0, predisposingCount: 0, oncogenicCount: 1, functionalCount: 0;CancerHotspot: yes;3DHotspot: no			MutationAssessor: impact: medium, score: 5.821467832733887;SIFT: impact: deleterious, score: 0;Polyphen-2: impact: probably_damaging, score: 0.999;AlphaMissense: pathogenicity: pathogenic, score: 0.9341	Missense_Mutation	SNP	Diploid	Somatic	Valid	genome.wustl.edu	13	28592642	28592642	C	A	13:g.28592642C>A	ENST00000241453.7:c.2503G>T	0.49	0.03	114	118	2	69	9	20/24		Pathogenic			0	81	NO	0	37	Normal					NOT HISPANIC OR LATINO	M4	12/14/10	0.0000	No	No				YES	2002	NO					NO		AML	7.98	1:DECEASED		7cf64c74-47e6-4913-b91b-25198e36b7c8	59a8e0cf-b2c2-4fa8-af20-a5a6550174db					32	Peripheral Blood			WHITE	1		Primary	3	Male		Bone Marrow	Matched						AB	0.3	A
FLT3	Acute Myeloid Leukemia (TCGA, Firehose Legacy)	TCGA-AB-2814-03	Leukemia	Acute Myeloid Leukemia	D835E	OncoKB: Oncogenic, level_1, resistance NA;CIViC: diagnosticCount: 0, predictiveCount: 1, prognosticCount: 0, predisposingCount: 0, oncogenicCount: 0, functionalCount: 0;CancerHotspot: yes;3DHotspot: no			MutationAssessor: impact: medium, score: 5.821467832733887;SIFT: impact: deleterious, score: 0;Polyphen-2: impact: probably_damaging, score: 0.969;AlphaMissense: pathogenicity: pathogenic, score: 0.9558	Missense_Mutation	SNP	Diploid	Somatic	Valid	genome.wustl.edu	13	28592640	28592640	A	C	13:g.28592640A>C	ENST00000241453.7:c.2505T>G	0.21		24	93		48	9	20/24					16	39	NO	0	4	del(5q) / 5q-					NOT HISPANIC OR LATINO	M0 Undifferentiated	12/14/10	0.0001	No	No				YES	2003	NO					NO		AML	26.02	1:DECEASED		e591adad-8331-4198-94c4-d03ea01f70c5	3006c724-134f-45a7-85d9-ffc113c3d487					215	Peripheral Blood			WHITE	1		Primary	3	Female		Bone Marrow	Matched						AB	0.3	A
FLT3	Acute Myeloid Leukemia (TCGA, Firehose Legacy)	TCGA-AB-2816-03	Leukemia	Acute Myeloid Leukemia	D835Y	OncoKB: Oncogenic, level_1, resistance NA;CIViC: diagnosticCount: 0, predictiveCount: 10, prognosticCount: 0, predisposingCount: 0, oncogenicCount: 1, functionalCount: 0;CancerHotspot: yes;3DHotspot: no			MutationAssessor: impact: medium, score: 5.821467832733887;SIFT: impact: deleterious, score: 0;Polyphen-2: impact: probably_damaging, score: 0.999;AlphaMissense: pathogenicity: pathogenic, score: 0.9341	Missense_Mutation	SNP	Diploid	Somatic	Valid	genome.wustl.edu	13	28592642	28592642	C	A	13:g.28592642C>A	ENST00000241453.7:c.2503G>T	0.28	0.02	40	105	1	51	6	20/24		Pathogenic			10	57	NO	0	84	Normal					NOT HISPANIC OR LATINO	M4	12/14/10	0.0000	Yes	No				YES	2003	NO					NO		AML	8.05	1:DECEASED		61db06eb-299a-48b3-8c71-4bea78169b4c	f3340605-0c44-4f86-9611-06ac92101f85					56	Peripheral Blood			WHITE	1		Primary	3	Female		Bone Marrow	Matched						AB	0.2	A
FLT3	Acute Myeloid Leukemia (TCGA, Firehose Legacy)	TCGA-AB-2818-03	Leukemia	Acute Myeloid Leukemia	D835Y	OncoKB: Oncogenic, level_1, resistance NA;CIViC: diagnosticCount: 0, predictiveCount: 10, prognosticCount: 0, predisposingCount: 0, oncogenicCount: 1, functionalCount: 0;CancerHotspot: yes;3DHotspot: no			MutationAssessor: impact: medium, score: 5.821467832733887;SIFT: impact: deleterious, score: 0;Polyphen-2: impact: probably_damaging, score: 0.999;AlphaMissense: pathogenicity: pathogenic, score: 0.9341	Missense_Mutation	SNP	Diploid	Somatic	Valid	genome.wustl.edu	13	28592642	28592642	C	A	13:g.28592642C>A	ENST00000241453.7:c.2503G>T	0.45		57	71		41	8	20/24		Pathogenic			0	62	NO	0	53	Normal					NOT HISPANIC OR LATINO	M2	12/14/10	0.0007	No	No				YES	2002	NO					NO		AML	9.95	1:DECEASED		ef853801-83be-4011-ba4d-6e2fe7153b05	9680835d-8c83-4ef4-a850-f7a37c821112					110	Peripheral Blood			ASIAN	1		Primary	3	Female		Bone Marrow	Matched						AB	0.266666666667	A
FLT3	Acute Myeloid Leukemia (TCGA, Firehose Legacy)	TCGA-AB-2834-03	Leukemia	Acute Myeloid Leukemia	D835E	OncoKB: Oncogenic, level_1, resistance NA;CIViC: diagnosticCount: 0, predictiveCount: 1, prognosticCount: 0, predisposingCount: 0, oncogenicCount: 0, functionalCount: 0;CancerHotspot: yes;3DHotspot: no			MutationAssessor: impact: medium, score: 5.821467832733887;SIFT: impact: deleterious, score: 0;Polyphen-2: impact: probably_damaging, score: 0.969;AlphaMissense: pathogenicity: pathogenic, score: 0.9558	Missense_Mutation	SNP	Diploid	Somatic	Valid	genome.wustl.edu	13	28592640	28592640	A	T	13:g.28592640A>T	ENST00000241453.7:c.2505T>A	0.35	0.13	71	131	13	88	1	20/24		Pathogenic			0	33	NO	3	14						NOT HISPANIC OR LATINO	M4	12/14/10	0.0003	No	No				YES	2004	NO					NO		AML	8.05	1:DECEASED		e54de1c4-6cdc-4106-ab5d-1d7c745e690f	1fe6f1a3-b183-4e0f-9173-ab1c3225106d					111	Peripheral Blood			WHITE	1		Primary	3	Male		Bone Marrow	Matched						AB	0.0333333333333	A
FLT3	Acute Myeloid Leukemia (TCGA, Firehose Legacy)	TCGA-AB-2851-03	Leukemia	Acute Myeloid Leukemia	D835Y	OncoKB: Oncogenic, level_1, resistance NA;CIViC: diagnosticCount: 0, predictiveCount: 10, prognosticCount: 0, predisposingCount: 0, oncogenicCount: 1, functionalCount: 0;CancerHotspot: yes;3DHotspot: no			MutationAssessor: impact: medium, score: 5.821467832733887;SIFT: impact: deleterious, score: 0;Polyphen-2: impact: probably_damaging, score: 0.999;AlphaMissense: pathogenicity: pathogenic, score: 0.9341	Missense_Mutation	SNP	Diploid	Somatic	Valid	genome.wustl.edu	13	28592642	28592642	C	A	13:g.28592642C>A	ENST00000241453.7:c.2503G>T	0.36	0.13	12	21	10	69	7	20/24		Pathogenic			12	66	NO	0	11	Normal					NOT HISPANIC OR LATINO	M5	12/14/10	0.0000	No	No				YES	2005	NO					NO		AML	7.95	1:DECEASED		7994d0a6-cef5-4391-a121-5a0853a34fa7	fd459b58-5df7-473d-b29b-ad05a276876a					132	Peripheral Blood			WHITE	1		Primary	3	Female		Bone Marrow	Matched						AB	0.233333333333	A
FLT3	Acute Myeloid Leukemia (TCGA, Firehose Legacy)	TCGA-AB-2900-03	Leukemia	Acute Myeloid Leukemia	D835Y	OncoKB: Oncogenic, level_1, resistance NA;CIViC: diagnosticCount: 0, predictiveCount: 10, prognosticCount: 0, predisposingCount: 0, oncogenicCount: 1, functionalCount: 0;CancerHotspot: yes;3DHotspot: no			MutationAssessor: impact: medium, score: 5.821467832733887;SIFT: impact: deleterious, score: 0;Polyphen-2: impact: probably_damaging, score: 0.999;AlphaMissense: pathogenicity: pathogenic, score: 0.9341	Missense_Mutation	SNP	Diploid	Somatic	Valid	genome.wustl.edu	13	28592642	28592642	C	A	13:g.28592642C>A	ENST00000241453.7:c.2503G>T	0.38	0.05	57	94	5	87	18	20/24		Pathogenic			0	70	NO	8	49	Normal					NOT HISPANIC OR LATINO	M1	12/14/10	0.0001	Yes	No				YES	2009	NO					NO		AML	6.04	1:DECEASED		9dbd2ef7-77da-42ef-90d2-8d30b4330f94	c9e69dcd-d517-412a-904d-287ea9075873					30	Peripheral Blood			BLACK OR AFRICAN AMERICAN	1		Primary	3	Male		Bone Marrow	Matched						AB	0.6	A
FLT3	Acute Myeloid Leukemia (TCGA, Firehose Legacy)	TCGA-AB-2910-03	Leukemia	Acute Myeloid Leukemia	D835H	OncoKB: Oncogenic, level_1, resistance NA;CIViC: diagnosticCount: 0, predictiveCount: 4, prognosticCount: 0, predisposingCount: 0, oncogenicCount: 0, functionalCount: 0;CancerHotspot: yes;3DHotspot: no			MutationAssessor: impact: medium, score: 5.821467832733887;SIFT: impact: deleterious, score: 0;Polyphen-2: impact: probably_damaging, score: 0.999;AlphaMissense: pathogenicity: pathogenic, score: 0.9725	Missense_Mutation	SNP	Diploid	Somatic	Valid	genome.wustl.edu	13	28592642	28592642	C	G	13:g.28592642C>G	ENST00000241453.7:c.2503G>C	0.32		46	100		44	12	20/24		Pathogenic			0	61	NO	0	55	Normal					NOT HISPANIC OR LATINO	M5	12/14/10	0.0482	Yes	No				YES	2008	NO					NO		AML	0	1:DECEASED		48f730a5-26c3-4716-964e-36fa9af26966	2507305c-22a9-41f5-ae04-bd94591be3f2					35	Peripheral Blood			WHITE	1		Primary	3	Female		Bone Marrow	Matched						AB	0.4	A
FLT3	Acute Myeloid Leukemia (TCGA, Firehose Legacy)	TCGA-AB-2924-03	Leukemia	Acute Myeloid Leukemia	D835Y	OncoKB: Oncogenic, level_1, resistance NA;CIViC: diagnosticCount: 0, predictiveCount: 10, prognosticCount: 0, predisposingCount: 0, oncogenicCount: 1, functionalCount: 0;CancerHotspot: yes;3DHotspot: no			MutationAssessor: impact: medium, score: 5.821467832733887;SIFT: impact: deleterious, score: 0;Polyphen-2: impact: probably_damaging, score: 0.999;AlphaMissense: pathogenicity: pathogenic, score: 0.9341	Missense_Mutation	SNP	Diploid	Somatic	Valid	genome.wustl.edu	13	28592642	28592642	C	A	13:g.28592642C>A	ENST00000241453.7:c.2503G>T	0.39	0.14	22	34	15	96	10	20/24		Pathogenic			0	59	NO	0	17	Normal					NOT HISPANIC OR LATINO	M4	12/14/10	0.0000	No	No				YES	2009	NO					YES		AML	2.96	0:LIVING		27bb612c-a74a-4088-b0ea-1dbe28e7a725	a14e4ca5-5d63-487e-9010-d2c838fb9e74					18	Peripheral Blood			WHITE	1		Primary	3	Male		Bone Marrow	Matched						AB	0.333333333333	A
FLT3	Acute Myeloid Leukemia (TCGA, Firehose Legacy)	TCGA-AB-2926-03	Leukemia	Acute Myeloid Leukemia	D835Y	OncoKB: Oncogenic, level_1, resistance NA;CIViC: diagnosticCount: 0, predictiveCount: 10, prognosticCount: 0, predisposingCount: 0, oncogenicCount: 1, functionalCount: 0;CancerHotspot: yes;3DHotspot: no			MutationAssessor: impact: medium, score: 5.821467832733887;SIFT: impact: deleterious, score: 0;Polyphen-2: impact: probably_damaging, score: 0.999;AlphaMissense: pathogenicity: pathogenic, score: 0.9341	Missense_Mutation	SNP	Diploid	Somatic	Valid	genome.wustl.edu	13	28592642	28592642	C	A	13:g.28592642C>A	ENST00000241453.7:c.2503G>T	0.36	0.02	44	77	2	94	14	20/24		Pathogenic			0	57	NO	0	91	8					NOT HISPANIC OR LATINO	M1	12/14/10	0.0500	No	No				YES	2008	NO					YES		AML	15.01	1:DECEASED		2df3d38b-5393-41e1-bd15-8dd372c111c0	b2599b2c-8ff1-44a6-907f-a2907ac5857c					62	Peripheral Blood			WHITE	1		Primary	3	Female		Bone Marrow	Matched						AB	0.466666666667	A
FLT3	Acute Myeloid Leukemia (TCGA, Firehose Legacy)	TCGA-AB-2945-03	Leukemia	Acute Myeloid Leukemia	D835E	OncoKB: Oncogenic, level_1, resistance NA;CIViC: diagnosticCount: 0, predictiveCount: 1, prognosticCount: 0, predisposingCount: 0, oncogenicCount: 0, functionalCount: 0;CancerHotspot: yes;3DHotspot: no			MutationAssessor: impact: medium, score: 5.821467832733887;SIFT: impact: deleterious, score: 0;Polyphen-2: impact: probably_damaging, score: 0.969;AlphaMissense: pathogenicity: pathogenic, score: 0.9558	Missense_Mutation	SNP	Diploid	Somatic	Valid	genome.wustl.edu	13	28592640	28592640	A	T	13:g.28592640A>T	ENST00000241453.7:c.2505T>A	0.20	0.05	10	40	6	119	12	20/24		Pathogenic			0	65	NO	0	0	Complex - >= 3 distinct abnormalities					NOT HISPANIC OR LATINO	M4	12/14/10	0.0470	No	No				YES	2006	NO					NO		AML	7.98	1:DECEASED		99703a58-0a57-4889-88d2-13e59f84debe	fe6cbe01-b181-4248-8356-27d1eeea8578					76	Peripheral Blood			WHITE	1		Primary	3	Female		Bone Marrow	Matched						AB	0.4	A
FLT3	Acute Myeloid Leukemia (TCGA, Firehose Legacy)	TCGA-AB-2947-03	Leukemia	Acute Myeloid Leukemia	D835Y	OncoKB: Oncogenic, level_1, resistance NA;CIViC: diagnosticCount: 0, predictiveCount: 10, prognosticCount: 0, predisposingCount: 0, oncogenicCount: 1, functionalCount: 0;CancerHotspot: yes;3DHotspot: no			MutationAssessor: impact: medium, score: 5.821467832733887;SIFT: impact: deleterious, score: 0;Polyphen-2: impact: probably_damaging, score: 0.999;AlphaMissense: pathogenicity: pathogenic, score: 0.9341	Missense_Mutation	SNP	Diploid	Somatic	Valid	genome.wustl.edu	13	28592642	28592642	C	A	13:g.28592642C>A	ENST00000241453.7:c.2503G>T	0.46	0.34	32	37	30	59	3	20/24		Pathogenic			0	52	NO	1	51	Normal					NOT HISPANIC OR LATINO	M4	12/14/10	0.0000	Yes	No				YES	2009	NO					YES		AML	1.02	0:LIVING		fef46ade-e2a8-430e-9e6b-65da64baf266	bfac1e1a-1e1f-4b06-9f46-09d245bf524e					68	Peripheral Blood			WHITE	1		Primary	3	Male		Bone Marrow	Matched						AB	0.1	A
FLT3	Acute Myeloid Leukemia (TCGA, Firehose Legacy)	TCGA-AB-2957-03	Leukemia	Acute Myeloid Leukemia	D835Y	OncoKB: Oncogenic, level_1, resistance NA;CIViC: diagnosticCount: 0, predictiveCount: 10, prognosticCount: 0, predisposingCount: 0, oncogenicCount: 1, functionalCount: 0;CancerHotspot: yes;3DHotspot: no			MutationAssessor: impact: medium, score: 5.821467832733887;SIFT: impact: deleterious, score: 0;Polyphen-2: impact: probably_damaging, score: 0.999;AlphaMissense: pathogenicity: pathogenic, score: 0.9341	Missense_Mutation	SNP	Diploid	Somatic	Valid	genome.wustl.edu	13	28592642	28592642	C	A	13:g.28592642C>A	ENST00000241453.7:c.2503G>T	0.45	0.16	24	29	14	75	2	20/24		Pathogenic			0	31	NO	0	53	inv(16)					NOT HISPANIC OR LATINO	M4	12/14/10	0.0003	Yes	No				YES	2007	NO					YES		AML	20.01	0:LIVING		c887d68c-da8e-4f15-a524-3b6674b145ed	72d5355a-d280-444f-a301-f16863f12d1f					52	Peripheral Blood			WHITE	1		Primary	3	Male		Bone Marrow	Matched						AB	0.0666666666667	A
FLT3	Acute Myeloid Leukemia (TCGA, Firehose Legacy)	TCGA-AB-2963-03	Leukemia	Acute Myeloid Leukemia	D835Y	OncoKB: Oncogenic, level_1, resistance NA;CIViC: diagnosticCount: 0, predictiveCount: 10, prognosticCount: 0, predisposingCount: 0, oncogenicCount: 1, functionalCount: 0;CancerHotspot: yes;3DHotspot: no			MutationAssessor: impact: medium, score: 5.821467832733887;SIFT: impact: deleterious, score: 0;Polyphen-2: impact: probably_damaging, score: 0.999;AlphaMissense: pathogenicity: pathogenic, score: 0.9341	Missense_Mutation	SNP	Diploid	Somatic	Valid	genome.wustl.edu	13	28592642	28592642	C	A	13:g.28592642C>A	ENST00000241453.7:c.2503G>T	0.14	0.0027	142	887	4	1451	15	20/24		Pathogenic			6	56	NO	0	45	Normal					NOT HISPANIC OR LATINO	M1	12/14/10	0.0000	No	No				YES	2002	NO					NO		AML	53.94	1:DECEASED		dc7c0a9b-ef72-4188-a711-69dbf70c744c	fa7146a0-d6a0-4465-a9e3-662b177eb02c					88	Peripheral Blood			WHITE	1		Primary	3	Male		Bone Marrow	Matched						AB	0.5	A
FLT3	Acute Myeloid Leukemia (TCGA, Firehose Legacy)	TCGA-AB-2969-03	Leukemia	Acute Myeloid Leukemia	D835H	OncoKB: Oncogenic, level_1, resistance NA;CIViC: diagnosticCount: 0, predictiveCount: 4, prognosticCount: 0, predisposingCount: 0, oncogenicCount: 0, functionalCount: 0;CancerHotspot: yes;3DHotspot: no			MutationAssessor: impact: medium, score: 5.821467832733887;SIFT: impact: deleterious, score: 0;Polyphen-2: impact: probably_damaging, score: 0.999;AlphaMissense: pathogenicity: pathogenic, score: 0.9725	Missense_Mutation	SNP	Diploid	Somatic	Valid	genome.wustl.edu	13	28592642	28592642	C	G	13:g.28592642C>G	ENST00000241453.7:c.2503G>C	0.33	0.11	429	866	159	1256	8	20/24		Pathogenic			8	55	NO	1	8	Normal					NOT HISPANIC OR LATINO	M5	12/14/10	0.0000	No	No				YES	2006	NO					NO		AML	37.02	0:LIVING		929de9a5-3224-4851-8ff0-8a92354c1f16	9069b85b-eeba-49c0-a624-65817cc0e915					17	Peripheral Blood			WHITE	1		Primary	3	Male		Bone Marrow	Matched						AB	0.266666666667	A
FLT3	Acute Myeloid Leukemia (TCGA, Firehose Legacy)	TCGA-AB-2974-03	Leukemia	Acute Myeloid Leukemia	D835Y	OncoKB: Oncogenic, level_1, resistance NA;CIViC: diagnosticCount: 0, predictiveCount: 10, prognosticCount: 0, predisposingCount: 0, oncogenicCount: 1, functionalCount: 0;CancerHotspot: yes;3DHotspot: no			MutationAssessor: impact: medium, score: 5.821467832733887;SIFT: impact: deleterious, score: 0;Polyphen-2: impact: probably_damaging, score: 0.999;AlphaMissense: pathogenicity: pathogenic, score: 0.9341	Missense_Mutation	SNP	Diploid	Somatic	Valid	genome.wustl.edu	13	28592642	28592642	C	A	13:g.28592642C>A	ENST00000241453.7:c.2503G>T	0.46	0.13	573	667	135	910	6	20/24		Pathogenic			0	67	NO	0	3	Normal					NOT HISPANIC OR LATINO	M5	12/14/10	0.0000	Yes	Yes				YES	2007	NO					YES		AML	3.02	1:DECEASED		ff7839bb-176e-4483-ac6e-7fae9f6e2e54	43b83836-5ff0-4239-88fa-7a5b07fdf5e1					79	Peripheral Blood			WHITE	1		Primary	3	Female		Bone Marrow	Matched						AB	0.2	A
FLT3	Acute Myeloid Leukemia (TCGA, Firehose Legacy)	TCGA-AB-2928-03	Leukemia	Acute Myeloid Leukemia	D839G	OncoKB: Likely Oncogenic, level NA, resistance NA;CIViC: diagnosticCount: 0, predictiveCount: 0, prognosticCount: 1, predisposingCount: 0, oncogenicCount: 1, functionalCount: 1;CancerHotspot: no;3DHotspot: no			MutationAssessor: impact: medium, score: 5.819594001683767;SIFT: impact: deleterious, score: 0;Polyphen-2: impact: possibly_damaging, score: 0.89;AlphaMissense: pathogenicity: pathogenic, score: 0.8678	Missense_Mutation	SNP	Diploid	Somatic	Valid	genome.wustl.edu	13	28592629	28592629	T	C	13:g.28592629T>C	ENST00000241453.7:c.2516A>G	0.25	0.06	43	130	11	171	10	20/24						43	NO	0	91	del(7q) / 7q-					NOT HISPANIC OR LATINO	M1	12/14/10	0.0544	Yes	No				YES	2010	NO					YES		AML	1.72	1:DECEASED		96b43e99-d81e-44d2-aac5-a6eb92727368	3e9b036f-db7a-4d53-b066-e5643e4561bf					32	Peripheral Blood			BLACK OR AFRICAN AMERICAN	1		Primary	3	Female		Bone Marrow	Matched						AB	0.333333333333	A
FLT3	Acute Myeloid Leukemia (TCGA, Firehose Legacy)	TCGA-AB-2870-03	Leukemia	Acute Myeloid Leukemia	F594_D600delinsSPPPH	OncoKB: Likely Oncogenic, level NA, resistance NA;CIViC: NA;CancerHotspot: yes;3DHotspot: no			MutationAssessor: NA;SIFT: NA;Polyphen-2: NA;AlphaMissense: NA	In_Frame_Del	DEL	Diploid	Somatic	Valid	genome.wustl.edu	13	28608258	28608275	CATATTCATATTCTCTGA	GGGGTGGGGGGG	13:g.28608258_28608275delinsGGGGTGGGGGGG	ENST00000241453.7:c.1781_1798delinsCCCCCCCACCCC							9	14/24					0	76	NO	0	55	Normal|inv(16)					NOT HISPANIC OR LATINO	M1	12/14/10	0.0001	Yes	No				YES	2007	NO					YES		AML	5.03	1:DECEASED		d442e36b-6d15-4fc3-9641-5feac119db94	bcc12fff-1ddf-4e81-931b-729896a26a6e					21	Peripheral Blood			WHITE	1		Primary	3	Male		Bone Marrow	Matched						AB	0.3	A
FLT3	Acute Myeloid Leukemia (TCGA, Firehose Legacy)	TCGA-AB-2869-03	Leukemia	Acute Myeloid Leukemia	L601_K602insQMGVSKRKFRVWRI*I*S	OncoKB: Unknown, level NA, resistance NA;CIViC: NA;CancerHotspot: yes;3DHotspot: no			MutationAssessor: NA;SIFT: NA;Polyphen-2: NA;AlphaMissense: NA	Nonsense_Mutation	INS	Diploid	Somatic	Valid	genome.wustl.edu	13	28608253	28608254	-	GATCATATTCATATTCTCCAAACTCTAAATTTTCTCTTGGAAACTCCCATTTGA	13:g.28608253_28608254insGATCATATTCATATTCTCCAAACTCTAAATTTTCTCTTGGAAACTCCCATTTGA	ENST00000241453.7:c.1802_1803insTCAAATGGGAGTTTCCAAGAGAAAATTTAGAGTTTGGAGAATATGAATATGATC							10	14/24					0	64	NO	0	46	Normal					NOT HISPANIC OR LATINO	M2	12/14/10	0.0000	No	No				YES	2009	NO					YES		AML	7.98	0:LIVING		e44e2ac3-4a83-40b0-b266-a36626ffd6ae	d865beb2-9268-4fce-9403-3a5a20e0c66e					41	Peripheral Blood			BLACK OR AFRICAN AMERICAN	1		Primary	3	Female		Bone Marrow	Matched						AB	0.333333333333	A
FLT3	Acute Myeloid Leukemia (TCGA, Firehose Legacy)	TCGA-AB-2921-03	Leukemia	Acute Myeloid Leukemia	E598_Y599insIR*FQRI*	OncoKB: Unknown, level NA, resistance NA;CIViC: NA;CancerHotspot: yes;3DHotspot: no			MutationAssessor: NA;SIFT: NA;Polyphen-2: NA;AlphaMissense: NA	Nonsense_Mutation	INS	Diploid	Somatic	Valid	genome.wustl.edu	13	28608262	28608263	-	CATATTCTCTGAAATCAACGTATC	13:g.28608262_28608263insCATATTCTCTGAAATCAACGTATC	ENST00000241453.7:c.1793_1794insGATACGTTGATTTCAGAGAATATG							8	14/24					0	56	NO	0	57	Normal					NOT HISPANIC OR LATINO	M4	12/14/10	0.0014	No	No				YES	2009	NO					YES		AML		1:DECEASED		cb97312b-0bd2-4fbd-b3a6-05c5a17a0a34	fc9f2e78-72fd-4ff8-a818-08edc0a64f87					31	Peripheral Blood			WHITE	1		Primary	3	Female		Bone Marrow	Matched						AB	0.266666666667	A
FLT3	Acute Myeloid Leukemia (TCGA, Firehose Legacy)	TCGA-AB-2942-03	Leukemia	Acute Myeloid Leukemia	Y599_D600insR*FQRI*I	OncoKB: Unknown, level NA, resistance NA;CIViC: NA;CancerHotspot: yes;3DHotspot: no			MutationAssessor: NA;SIFT: NA;Polyphen-2: NA;AlphaMissense: NA	Nonsense_Mutation	INS	Diploid	Somatic	Valid	genome.wustl.edu	13	28608258	28608259	-	TATTCATATTCTCTGAAATCAACG	13:g.28608258_28608259insTATTCATATTCTCTGAAATCAACG	ENST00000241453.7:c.1797_1798insCGTTGATTTCAGAGAATATGAATA							2	14/24					1	67	NO	1	61	Normal|inv(16)					NOT HISPANIC OR LATINO	M4	12/14/10	0.0001	No	No				YES	2008	NO					YES		AML	21.06	0:LIVING		6d271451-affa-4c76-bce5-6bf8622d83a9	bd53c653-834c-42a2-b333-1bb64db23bce					15	Peripheral Blood			WHITE	1		Primary	3	Female		Bone Marrow	Matched						AB	0.0666666666667	A
FLT3	Acute Myeloid Leukemia (TCGA, Firehose Legacy)	TCGA-AB-2825-03	Leukemia	Acute Myeloid Leukemia	X613_splice	OncoKB: Unknown, level NA, resistance NA;CIViC: NA;CancerHotspot: no;3DHotspot: no			MutationAssessor: NA;SIFT: NA;Polyphen-2: NA;AlphaMissense: NA	Splice_Site	INS	Diploid	Somatic	Valid	genome.wustl.edu	13	28608217	28608218	-	CCAAACTCTAAATTTTCTCTTGGAAACTCCCATTTGAGATCATATTCATATTCTCTGAAATCAACGTAGAAGTACTCATTATCTGAGGAGCCGGTATTCGTG	13:g.28608217_28608218insCCAAACTCTAAATTTTCTCTTGGAAACTCCCATTTGAGATCATATTCATATTCTCTGAAATCAACGTAGAAGTACTCATTATCTGAGGAGCCGGTATTCGTG	ENST00000241453.7:c.1837+1_1837+2insCACGAATACCGGCTCCTCAGATAATGAGTACTTCTACGTTGATTTCAGAGAATATGAATATGATCTCAAATGGGAGTTTCCAAGAGAAAATTTAGAGTTTGG							3						0	31	NO	0	6	Normal					NOT HISPANIC OR LATINO	M5	12/14/10	0.0004	Yes	No				YES	2006	NO					NO		AML	6.96	1:DECEASED		c5f2311c-020a-47cd-a065-7fbc34488405	b12c9767-0395-4f3a-803e-f655afcdf2e5					42	Peripheral Blood			WHITE	1		Primary	3	Female		Bone Marrow	Matched						AB	0.1	A
FLT3	Acute Myeloid Leukemia (TCGA, Firehose Legacy)	TCGA-AB-2844-03	Leukemia	Acute Myeloid Leukemia	X585_splice	OncoKB: Unknown, level NA, resistance NA;CIViC: NA;CancerHotspot: no;3DHotspot: no			MutationAssessor: NA;SIFT: NA;Polyphen-2: NA;AlphaMissense: NA	Splice_Region	INS	Diploid	Somatic	Valid	genome.wustl.edu	13	28608214	28608215	-	TTACCAAACTCTAAATTTTCTCTTGGAAACTCCCATTTGAGATCATATTCATATTCTCTGAAATCAACGTAGAAGTACTCATTATCT	13:g.28608214_28608215insTTACCAAACTCTAAATTTTCTCTTGGAAACTCCCATTTGAGATCATATTCATATTCTCTGAAATCAACGTAGAAGTACTCATTATCT	ENST00000241453.7:c.1755_1837+4dup							12						0	63	NO	0	71						NOT HISPANIC OR LATINO	M2	12/14/10	0.0000	No	No				YES	2005	NO					NO		AML	4.01	1:DECEASED		3e698caf-4d86-43f5-b657-5f4cef64fc5f	4ff7ec82-d8ad-46ac-90e4-bbd20ffb7519					23	Peripheral Blood			WHITE	1		Primary	3	Male		Bone Marrow	Matched						AB	0.433333333333	A
FLT3	Acute Myeloid Leukemia (TCGA, Firehose Legacy)	TCGA-AB-2934-03	Leukemia	Acute Myeloid Leukemia	Y599_D600insGTGS*DNEYFYVDFREYEY	OncoKB: Unknown, level NA, resistance NA;CIViC: NA;CancerHotspot: no;3DHotspot: no			MutationAssessor: NA;SIFT: NA;Polyphen-2: NA;AlphaMissense: NA	Nonsense_Mutation	INS	Diploid	Somatic	Valid	genome.wustl.edu	13	28608257	28608258	-	CATATTCATATTCTCTGAAATCAACGTAGAAGTACTCATTATCTTAGGAGCCGGTCC	13:g.28608257_28608258insCATATTCATATTCTCTGAAATCAACGTAGAAGTACTCATTATCTTAGGAGCCGGTCC	ENST00000241453.7:c.1798_1799insGGACCGGCTCCTAAGATAATGAGTACTTCTACGTTGATTTCAGAGAATATGAATATG							9	14/24					0	65	NO	0	84	Normal					NOT HISPANIC OR LATINO	M1	12/14/10	0.0000	Yes	No				YES	2010	NO					YES		AML	0.92	0:LIVING		c00bdbdc-a65d-494d-a9d7-4309c28277ca	eb6264dc-bdca-4b78-80ea-4d7a4a74fdf7					142	Peripheral Blood			WHITE	1		Primary	3	Male		Bone Marrow	Matched						AB	0.3	A
FLT3	Acute Myeloid Leukemia (TCGA, Firehose Legacy)	TCGA-AB-2965-03	Leukemia	Acute Myeloid Leukemia	E573_S574insKPATDGTGDRLLR**VLLR*FQRK	OncoKB: Unknown, level NA, resistance NA;CIViC: NA;CancerHotspot: no;3DHotspot: no			MutationAssessor: NA;SIFT: NA;Polyphen-2: NA;AlphaMissense: NA	Nonsense_Mutation	INS	Diploid	Somatic	Valid	genome.wustl.edu	13	28608338	28608339	-	TTCTCTGAAATCAACGTAGAAGTACTCATTATCTGAGGAGCCGGTCACCTGTACCATCTGTAGCTGGCTTTT	13:g.28608338_28608339insTTCTCTGAAATCAACGTAGAAGTACTCATTATCTGAGGAGCCGGTCACCTGTACCATCTGTAGCTGGCTTTT	ENST00000241453.7:c.1720_1721insAGCCAGCTACAGATGGTACAGGTGACCGGCTCCTCAGATAATGAGTACTTCTACGTTGATTTCAGAGAAAAA							10	14/24					0	60	NO	0	56	Normal					NOT HISPANIC OR LATINO	M4	12/14/10	0.0000	Yes	No				YES	2006	NO					NO		AML	11.01	1:DECEASED		05924106-07f6-44ca-ba15-7452b8a657e4	d42a66cd-bc74-477f-a924-1b3a303bfa16					174	Peripheral Blood			WHITE	1		Primary	3	Male		Bone Marrow	Matched						AB	0.333333333333	A
FLT3	Acute Myeloid Leukemia (TCGA, Firehose Legacy)	TCGA-AB-2988-03	Leukemia	Acute Myeloid Leukemia	X602_splice	OncoKB: Unknown, level NA, resistance NA;CIViC: NA;CancerHotspot: no;3DHotspot: no			MutationAssessor: NA;SIFT: NA;Polyphen-2: NA;AlphaMissense: NA	Splice_Region	INS	Diploid	Somatic	Valid	genome.wustl.edu	13	28608214	28608215	-	TTACCAAACTCTAAATTTTCTCTTGGAAACTCCCAT	13:g.28608214_28608215insTTACCAAACTCTAAATTTTCTCTTGGAAACTCCCAT	ENST00000241453.7:c.1806_1837+4dup							14						0	67	NO	1	49	Normal					NOT HISPANIC OR LATINO	M1	12/14/10	0.0000	No	No				YES	2008	NO					YES		AML	0.99	1:DECEASED		4b8ff65f-b563-4519-b984-c7cf26b3ad73	a1a2b655-97d5-490f-8d2a-874d4da7dabb					71	Peripheral Blood			WHITE	1		Primary	3	Female		Bone Marrow	Matched						AB	0.466666666667	A
